{
  "Author": "JerryEris",
  "Compatibility": "Compatible",
  "DefuserDifficulty": "Medium",
  "Description": "Press the correct button according to the (footnoted) instructions. Tags: 4-buttons, letters, numbers, colors, instructions, asterisk, footnotes",
  "ExpertDifficulty": "Easy",
  "ModuleID": "footnotes",
  "Name": "Footnotes",
  "Origin": "Mods",
  "Published": "2019-09-16",
  "SortKey": "FOOTNOTES",
  "SourceUrl": "https://github.com/JerryArr/Footnotes",
  "SteamID": "1865281273",
  "Symbol": "Fq",
  "Type": "Regular"
}